bootstrap_sd_points,ci90_unadjusted_lower,ci90_unadjusted_upper,ci95_unadjusted_lower,ci95_unadjusted_upper,contrast_id,direction,discordance,family,family_role,holm_p_direction,holm_p_equivalence,holm_p_gain,holm_p_loss,macro_ci95_unadjusted_lower,macro_ci95_unadjusted_upper,macro_point_points,magnitude,minus_comparator_point,n_images,n_positions,p_gain_at_least_sesoi,p_loss_at_least_sesoi,p_two_sided,point_points,romano_wolf_adjusted_p,romano_wolf_rejected,simultaneous_band_lower,simultaneous_band_upper,tost_p_equivalence,tost_p_high,tost_p_low
0.2822546287208499,-0.14854261357253035,0.7830458915396479,-0.2520524474738834,0.8520524474738833,global_mean_centering__coefficient_0.25,,0.023666666666666666,cifar100__sigma0.25,secondary,,,,,-0.2520524474738834,0.8520524474738833,0.3,,,1500,3000,1.0,1.0,0.29716,0.3,0.89655,False,-0.5767445276464307,1.1767445276464308,0.0,0.0,0.0
0.3865503254700707,-1.387725670074785,-0.11110438529142996,-1.525738781943256,-0.007594551390076698,global_mean_centering__coefficient_0.5,,0.047,cifar100__sigma0.25,secondary,,,,,-1.525738781943256,-0.007594551390076698,-0.7666666666666663,,,1500,3000,1.0,0.99931,0.0453,-0.7666666666666663,0.4585,False,-1.9673764089717585,0.43404307563842603,0.00069,0.0,0.00069
0.4913252344754324,-3.8280786712108275,-2.206424606756295,-3.9660917830792988,-2.033908216920707,global_mean_centering__coefficient_1,,0.082,cifar100__sigma0.25,secondary,,,,,-3.9660917830792988,-2.033908216920707,-3.0000000000000027,,,1500,3000,1.0,0.02236,0.0,-3.0000000000000027,0.0,True,-4.526163494902201,-1.4738365050978037,0.97764,0.0,0.97764
0.0,0.0,0.0,0.0,0.0,chowers_exact_projected_gap__coefficient_0.25,,0.0,cifar100__sigma0.25,secondary,,,,,0.0,0.0,0.0,,,1500,3000,1.0,1.0,1.0,0.0,1.0,False,0.0,0.0,0.0,0.0,0.0
0.0,0.0,0.0,0.0,0.0,chowers_exact_projected_gap__coefficient_0.5,,0.0,cifar100__sigma0.25,secondary,,,,,0.0,0.0,0.0,,,1500,3000,1.0,1.0,1.0,0.0,1.0,False,0.0,0.0,0.0,0.0,0.0
0.0,0.0,0.0,0.0,0.0,chowers_exact_projected_gap__coefficient_1,,0.0,cifar100__sigma0.25,secondary,,,,,0.0,0.0,0.0,,,1500,3000,1.0,1.0,1.0,0.0,1.0,False,0.0,0.0,0.0,0.0,0.0
0.2399992881823331,0.22046394236170508,0.979536057638295,0.15145738642746964,1.083045891539648,gr_clip_style_two_sided__coefficient_0.25,,0.018,cifar100__sigma0.25,secondary,,,,,0.15145738642746964,1.083045891539648,0.6,,,1500,3000,1.0,1.0,0.01032,0.6,0.17596,False,-0.1454902104050273,1.3454902104050273,0.0,0.0,0.0
0.3214998713096592,0.1824508304932344,1.217549169506766,0.07894099659188125,1.321059003408119,gr_clip_style_two_sided__coefficient_0.5,,0.03233333333333333,cifar100__sigma0.25,secondary,,,,,0.07894099659188125,1.321059003408119,0.7000000000000001,,,1500,3000,0.99997,1.0,0.02674,0.7000000000000001,0.32237,False,-0.2986488231820933,1.6986488231820935,3e-05,3e-05,0.0
0.40796427218072107,-0.12222894804190332,1.2233988926756874,-0.2602420599103741,1.3269087265770407,gr_clip_style_two_sided__coefficient_1,unresolved,0.05333333333333334,cifar100__sigma0.25,primary_shared,0.74984,0.00038,1.0,1.0,-0.2602420599103741,1.3269087265770407,0.5333333333333333,practically_equivalent,,1500,3000,0.99981,1.0,0.18746,0.5333333333333333,0.87858,False,-0.7338928047487193,1.800559471415386,0.00019,0.00019,0.0
0.24191424867020814,-0.31286939097162825,0.48070600227207916,-0.41637922487298107,0.5497125582063146,text_only_centering__coefficient_0.25,,0.017333333333333333,cifar100__sigma0.25,secondary,,,,,-0.41637922487298107,0.5497125582063146,0.06666666666666674,,,1500,3000,1.0,1.0,0.83046,0.06666666666666674,0.9996,False,-0.6847718292846856,0.8181051626180191,0.0,0.0,0.0
0.3098460580845733,-0.5842158361734322,0.45088250284009884,-0.6877256700747852,0.5543923367414519,text_only_centering__coefficient_0.5,,0.028666666666666667,cifar100__sigma0.25,secondary,,,,,-0.6877256700747852,0.5543923367414519,-0.0666666666666667,,,1500,3000,1.0,1.0,0.86904,-0.0666666666666667,0.9996,False,-1.0291162005134107,0.8957828671800773,0.0,0.0,0.0
0.3141841549620467,-0.7175491695067657,0.31754916950676565,-0.8210590034081189,0.4210590034081188,text_only_centering__coefficient_1,unresolved,0.03,cifar100__sigma0.25,primary_shared,1.0,0.0,1.0,1.0,-0.8210590034081189,0.4210590034081188,-0.2,practically_equivalent,,1500,3000,1.0,1.0,0.54956,-0.2,0.99043,False,-1.1759246102873377,0.7759246102873378,0.0,0.0,0.0
0.2366223276028681,0.1871306090283718,0.9462027243049616,0.11812405309413632,1.0497125582063145,image_only_centering__coefficient_0.25,,0.017666666666666667,cifar100__sigma0.25,secondary,,,,,0.11812405309413632,1.0497125582063145,0.5666666666666667,,,1500,3000,1.0,1.0,0.01544,0.5666666666666667,0.21766,False,-0.16833396657343902,1.3016672999067724,0.0,0.0,0.0
0.3145668464413189,-0.11754916950676547,0.9175491695067659,-0.2210590034081184,1.021059003408119,image_only_centering__coefficient_0.5,,0.03,cifar100__sigma0.25,secondary,,,,,-0.2210590034081184,1.021059003408119,0.4000000000000002,,,1500,3000,1.0,1.0,0.20404,0.4000000000000002,0.87858,False,-0.5771133336104921,1.3771133336104926,0.0,0.0,0.0
0.3971507793794379,0.3111043852914298,1.6222289480419025,0.20759455139007632,1.7602420599103734,image_only_centering__coefficient_1,unresolved,0.052333333333333336,cifar100__sigma0.25,primary_shared,0.0572,0.00551,1.0,1.0,0.20759455139007632,1.7602420599103734,0.9666666666666662,practically_equivalent,,1500,3000,0.99449,1.0,0.01144,0.9666666666666662,0.19653,False,-0.2669704008614876,2.20030373419482,0.00551,0.00551,0.0
0.0,0.0,0.0,0.0,0.0,clean_boundary_active__step_0.0025,,0.0,cifar100__sigma0.25,secondary,,,,,0.0,0.0,0.0,,,1500,3000,1.0,1.0,1.0,0.0,1.0,False,0.0,0.0,0.0,0.0,0.0
0.0,0.0,0.0,0.0,0.0,clean_boundary_active__step_0.005,,0.0,cifar100__sigma0.25,secondary,,,,,0.0,0.0,0.0,,,1500,3000,1.0,1.0,1.0,0.0,1.0,False,0.0,0.0,0.0,0.0,0.0
0.03332342411672903,-0.0011699446337843783,0.10233988926756876,-0.0011699446337843783,0.10233988926756876,clean_boundary_active__step_0.01,,0.0003333333333333333,cifar100__sigma0.25,secondary,,,,,-0.0011699446337843783,0.10233988926756876,0.03333333333333333,,,1500,3000,1.0,1.0,0.71232,0.03333333333333333,0.96356,False,-0.0701765005680198,0.13684316723468648,0.0,0.0,0.0
0.07430140253250805,-0.0701765005680198,0.17134644520180417,-0.10467977853513752,0.17134644520180417,clean_boundary_active__step_0.02,,0.0016666666666666668,cifar100__sigma0.25,secondary,,,,,-0.10467977853513752,0.17134644520180417,0.03333333333333333,,,1500,3000,1.0,1.0,0.82532,0.03333333333333333,0.99943,False,-0.1974630520512193,0.264129718717886,0.0,0.0,0.0
0.12041876705110716,0.026313665530627084,0.44035300113603965,-0.008189612436490634,0.47485627910315736,clean_boundary_active__step_0.04,,0.004333333333333333,cifar100__sigma0.25,secondary,,,,,-0.008189612436490634,0.47485627910315736,0.23333333333333336,,,1500,3000,1.0,1.0,0.05388,0.23333333333333336,0.47358,False,-0.1407136593287561,0.6073803259954228,0.0,0.0,0.0
0.18392215341111887,-0.1105295017040594,0.5105295017040594,-0.14503277967117717,0.5795360576382949,clean_boundary_active__step_0.08,,0.010666666666666666,cifar100__sigma0.25,secondary,,,,,-0.14503277967117717,0.5795360576382949,0.2,,,1500,3000,1.0,1.0,0.29876,0.2,0.89655,False,-0.37130238128220355,0.7713023812822035,0.0,0.0,0.0
0.24158506125883425,-0.2795360576382949,0.5140393356054125,-0.3830458915396478,0.5830458915396479,clean_boundary_active__step_0.16,unresolved,0.018333333333333333,cifar100__sigma0.25,primary_shared,1.0,0.0,1.0,1.0,-0.3830458915396478,0.5830458915396479,0.10000000000000002,practically_equivalent,,1500,3000,1.0,1.0,0.72088,0.10000000000000002,0.99943,False,-0.650415967949597,0.850415967949597,0.0,0.0,0.0
0.32248072764439495,-0.450882502840099,0.5842158361734323,-0.5543923367414522,0.6877256700747855,clean_boundary_active__step_0.32,,0.03333333333333333,cifar100__sigma0.25,secondary,,,,,-0.5543923367414522,0.6877256700747855,0.06666666666666665,,,1500,3000,1.0,1.0,0.86886,0.06666666666666665,0.9996,False,-0.9350289105324792,1.0683622438658125,0.0,0.0,0.0
0.0,0.0,0.0,0.0,0.0,cohen_aligned_noisy_margin__step_0.0025,,0.0,cifar100__sigma0.25,secondary,,,,,0.0,0.0,0.0,,,1500,3000,1.0,1.0,1.0,0.0,1.0,False,0.0,0.0,0.0,0.0,0.0
0.0,0.0,0.0,0.0,0.0,cohen_aligned_noisy_margin__step_0.005,,0.0,cifar100__sigma0.25,secondary,,,,,0.0,0.0,0.0,,,1500,3000,1.0,1.0,1.0,0.0,1.0,False,0.0,0.0,0.0,0.0,0.0
0.0,0.0,0.0,0.0,0.0,cohen_aligned_noisy_margin__step_0.01,,0.0,cifar100__sigma0.25,secondary,,,,,0.0,0.0,0.0,,,1500,3000,1.0,1.0,1.0,0.0,1.0,False,0.0,0.0,0.0,0.0,0.0
0.05755192078912983,-0.13684316723468648,0.0701765005680198,-0.13684316723468648,0.0701765005680198,cohen_aligned_noisy_margin__step_0.02,,0.001,cifar100__sigma0.25,secondary,,,,,-0.13684316723468648,0.0701765005680198,-0.03333333333333333,,,1500,3000,1.0,1.0,0.78058,-0.03333333333333333,0.99492,False,-0.21210216995465858,0.14543550328799193,0.0,0.0,0.0
0.06648577025434858,-0.10350983390135314,0.10350983390135314,-0.13801311186847084,0.13801311186847084,cohen_aligned_noisy_margin__step_0.04,,0.0013333333333333333,cifar100__sigma0.25,secondary,,,,,-0.13801311186847084,0.13801311186847084,0.0,,,1500,3000,1.0,1.0,1.0,0.0,1.0,False,-0.20651932441649296,0.20651932441649296,0.0,0.0,0.0
0.0917280787996989,-0.004679778535137513,0.2713464452018042,-0.03918305650225523,0.3058497231689219,cohen_aligned_noisy_margin__step_0.08,,0.0026666666666666666,cifar100__sigma0.25,secondary,,,,,-0.03918305650225523,0.3058497231689219,0.13333333333333333,,,1500,3000,1.0,1.0,0.17726,0.13333333333333333,0.7996,False,-0.1515941149201163,0.4182607815867829,0.0,0.0,0.0
0.18061529743704982,-0.04269289040360838,0.5438628350373927,-0.11169944633784376,0.5783661130045106,cohen_aligned_noisy_margin__step_0.16,unresolved,0.010333333333333333,cifar100__sigma0.25,primary_shared,0.74984,0.0,1.0,1.0,-0.11169944633784376,0.5783661130045106,0.23333333333333336,practically_equivalent,,1500,3000,1.0,1.0,0.21124,0.23333333333333336,0.87858,False,-0.3276972310007509,0.7943638976674177,0.0,0.0,0.0
0.265246319001056,-0.3818759469058635,0.5152092802391968,-0.450882502840099,0.5842158361734323,cohen_aligned_noisy_margin__step_0.32,,0.023333333333333334,cifar100__sigma0.25,secondary,,,,,-0.450882502840099,0.5842158361734323,0.06666666666666665,,,1500,3000,1.0,1.0,0.84614,0.06666666666666665,0.9996,False,-0.7572463359878646,0.8905796693211979,0.0,0.0,0.0
0.3008023870309192,-0.5163792248729814,0.44971255820631467,-0.6198890587743344,0.5532223921076678,control__learned_shared_translation_tangent,unresolved,0.027666666666666666,cifar100__sigma0.25,positive_control,0.9539,,,,-0.6198890587743344,0.5532223921076678,-0.03333333333333334,,-0.5666666666666667,1500,3000,1.0,1.0,0.9539,-0.03333333333333334,0.9996,False,-0.9676912495436933,0.9010245828770267,0.0,0.0,0.0
0.6343486889540627,1.4649016609864718,3.5350983390135347,1.2578819931837657,3.7421180068162405,control__lowrank_tangent_r8,positive,0.12166666666666667,cifar100__sigma0.25,positive_control,0.00024000000000000003,,,,1.2578819931837657,3.7421180068162405,2.500000000000003,,1.96666666666667,1500,3000,0.21375,1.0,8e-05,2.500000000000003,0.00438,True,0.5295744159072551,4.470425584092752,0.78625,0.78625,0.0
0.7419413513387313,-2.0742813955157864,0.3754513401495707,-2.3158043412856104,0.5824710079522772,control__noisy_class_mean,unresolved,0.15533333333333332,cifar100__sigma0.25,positive_control,0.47168,,,,-2.3158043412856104,0.5824710079522772,-0.8666666666666665,,-1.4,1500,3000,0.99998,0.93501,0.23584,-0.8666666666666665,0.89572,False,-3.1712985608141624,1.4379652274808297,0.06499,2e-05,0.06499
0.6013027376068659,3.999404938953587,6.000595061046413,3.826888549117998,6.173111450882002,control__fewshot_prompt_bank,positive,0.11466666666666667,cifar100__sigma0.25,positive_control,0.0,,,,3.826888549117998,6.173111450882002,5.0,,4.466666666666667,1500,3000,0.0,1.0,0.0,5.0,0.0,True,3.1322223587800657,6.867777641219934,1.0,1.0,0.0
0.7579425026604691,-1.7134644520180418,1.0467977853513748,-1.7134644520180418,1.0467977853513752,global_mean_centering__coefficient_0.25,,0.023333333333333334,eurosat__sigma0.25,secondary,,,,,-1.7134644520180418,1.0467977853513752,-0.33333333333333337,,,150,300,0.99902,0.97723,0.83008,-0.33333333333333337,0.97557,False,-2.689271651774848,2.022604985108181,0.02277,0.00098,0.02277
1.3162087214145624,-4.070196678027062,0.07019667802706286,-4.760262237369417,0.4152294576982405,global_mean_centering__coefficient_0.5,,0.05333333333333334,eurosat__sigma0.25,secondary,,,,,-4.760262237369417,0.4152294576982405,-1.9999999999999998,,,150,300,0.99891,0.55267,0.14632,-1.9999999999999998,0.70775,False,-6.0912160895621055,2.0912160895621055,0.45139,0.00109,0.45139
1.2679702173004073,-0.40353001136039524,3.73686334469373,-0.7485627910315729,4.081896124364907,global_mean_centering__coefficient_1,,0.15,eurosat__sigma0.25,secondary,,,,,-0.7485627910315729,4.081896124364907,1.6666666666666674,,,150,300,0.54924,0.99763,0.22336,1.6666666666666674,0.81352,False,-2.274608048888937,5.607941382222272,0.45076,0.45076,0.00237
0.0,0.0,0.0,0.0,0.0,chowers_exact_projected_gap__coefficient_0.25,,0.0,eurosat__sigma0.25,secondary,,,,,0.0,0.0,0.0,,,150,300,1.0,1.0,1.0,0.0,1.0,False,0.0,0.0,0.0,0.0,0.0
0.0,0.0,0.0,0.0,0.0,chowers_exact_projected_gap__coefficient_0.5,,0.0,eurosat__sigma0.25,secondary,,,,,0.0,0.0,0.0,,,150,300,1.0,1.0,1.0,0.0,1.0,False,0.0,0.0,0.0,0.0,0.0
0.0,0.0,0.0,0.0,0.0,chowers_exact_projected_gap__coefficient_1,,0.0,eurosat__sigma0.25,secondary,,,,,0.0,0.0,0.0,,,150,300,1.0,1.0,1.0,0.0,1.0,False,0.0,0.0,0.0,0.0,0.0
1.0561364445320318,0.9415027683107811,4.391830565022552,0.5964699886396039,4.736863344693729,gr_clip_style_two_sided__coefficient_0.25,,0.04666666666666667,eurosat__sigma0.25,secondary,,,,,0.5964699886396039,4.736863344693729,2.6666666666666665,,,150,300,0.30905,0.99997,0.01588,2.6666666666666665,0.14743,False,-0.6161579677109299,5.949491301044263,0.69095,0.69095,3e-05
1.0495018374517948,3.2748361016441145,6.725163898355886,2.9298033219729374,7.070196678027063,gr_clip_style_two_sided__coefficient_0.5,,0.08333333333333333,eurosat__sigma0.25,secondary,,,,,2.9298033219729374,7.070196678027063,5.0,,,150,300,0.0024,1.0,0.0,5.0,0.00078,True,1.737797939225636,8.262202060774364,0.9976,0.9976,0.0
1.3850500146947962,2.918103875635094,7.748562791031574,2.573071095963917,8.093595570702751,gr_clip_style_two_sided__coefficient_1,positive,0.12,eurosat__sigma0.25,primary_shared,0.00024,1.0,0.0344,1.0,2.573071095963917,8.093595570702751,5.333333333333334,gain_at_least_sesoi,,150,300,0.0086,1.0,6e-05,5.333333333333334,0.00634,True,1.028135523310005,9.638531143356662,0.9914,0.9914,0.0
0.33298670305069705,-1.0233988926756876,0.011699446337843755,-1.0233988926756876,0.011699446337843755,text_only_centering__coefficient_0.25,,0.01,eurosat__sigma0.25,secondary,,,,,-1.0233988926756876,0.011699446337843755,-0.33333333333333337,,,150,300,1.0,0.99966,0.71312,-0.33333333333333337,0.97416,False,-1.3683671657084377,0.7017004990417711,0.00034,0.0,0.00034
0.7256415657374359,-3.0467977853513752,-0.6315683276531354,-3.0467977853513757,-0.28653554798195824,text_only_centering__coefficient_0.5,,0.016666666666666666,eurosat__sigma0.25,secondary,,,,,-3.0467977853513757,-0.28653554798195824,-1.6666666666666667,,,150,300,1.0,0.6154,0.00924,-1.6666666666666667,0.20245,False,-3.922202890290409,0.5888695569570752,0.3846,0.0,0.3846
0.5782707424535347,-2.0350983390135315,-0.30993444065764575,-2.3801311186847087,0.03509833901353132,text_only_centering__coefficient_1,unresolved,0.016666666666666666,eurosat__sigma0.25,primary_shared,0.26928,0.38594999999999996,1.0,1.0,-2.3801311186847087,0.03509833901353132,-1.0,inconclusive,,150,300,1.0,0.92281,0.08976,-1.0,0.58028,False,-2.7974585087890227,0.7974585087890227,0.07719,0.0,0.07719
0.8981906255009544,2.2865355479819582,5.046797785351375,1.941502768310781,5.391830565022552,image_only_centering__coefficient_0.25,,0.05,eurosat__sigma0.25,secondary,,,,,1.941502768310781,5.391830565022552,3.6666666666666665,,,150,300,0.04268,1.0,0.00012,3.6666666666666665,0.00577,True,0.8747903641042032,6.45854296922913,0.95732,0.95732,0.0
1.0558979945567661,3.2748361016441145,6.725163898355886,2.9298033219729374,7.070196678027063,image_only_centering__coefficient_0.5,,0.07666666666666666,eurosat__sigma0.25,secondary,,,,,2.9298033219729374,7.070196678027063,5.0,,,150,300,0.00287,1.0,2e-05,5.0,0.0008,True,1.7179165477460976,8.282083452253902,0.99713,0.99713,0.0
1.394769066013996,4.918103875635092,9.748562791031572,4.573071095963915,10.09359557070275,image_only_centering__coefficient_1,positive,0.14,eurosat__sigma0.25,primary_shared,0.0,1.0,0.0001,1.0,4.573071095963915,10.09359557070275,7.333333333333332,gain_at_least_sesoi,,150,300,2e-05,1.0,0.0,7.333333333333332,0.00011,True,2.9979254673474074,11.668741199319257,0.99998,0.99998,0.0
0.33298670305069705,-1.0233988926756876,0.011699446337843755,-1.0233988926756876,0.011699446337843755,clean_boundary_active__step_0.0025,,0.0033333333333333335,eurosat__sigma0.25,secondary,,,,,-1.0233988926756876,0.011699446337843755,-0.33333333333333337,,,150,300,1.0,0.99966,0.71312,-0.33333333333333337,0.97416,False,-1.3683671657084377,0.7017004990417711,0.00034,0.0,0.00034
0.33298670305069705,-1.0233988926756876,0.011699446337843755,-1.0233988926756876,0.011699446337843755,clean_boundary_active__step_0.005,,0.0033333333333333335,eurosat__sigma0.25,secondary,,,,,-1.0233988926756876,0.011699446337843755,-0.33333333333333337,,,150,300,1.0,0.99966,0.71312,-0.33333333333333337,0.97416,False,-1.3683671657084377,0.7017004990417711,0.00034,0.0,0.00034
0.4706153777009315,-1.356732226009021,0.02339889267568751,-1.701765005680198,0.02339889267568751,clean_boundary_active__step_0.01,,0.006666666666666667,eurosat__sigma0.25,secondary,,,,,-1.701765005680198,0.02339889267568751,-0.6666666666666667,,,150,300,1.0,0.98748,0.25174,-0.6666666666666667,0.77277,False,-2.12949636375007,0.7961630304167366,0.01252,0.0,0.01252
0.83343285677827,-0.3801311186847085,2.3801311186847087,-0.7251638983558855,2.7251638983558855,clean_boundary_active__step_0.02,,0.023333333333333334,eurosat__sigma0.25,secondary,,,,,-0.7251638983558855,2.7251638983558855,1.0,,,150,300,0.8507,0.99979,0.29364,1.0,0.82377,False,-1.5905875396087787,3.5905875396087787,0.1493,0.1493,0.00021
0.9222682024049107,-0.3801311186847085,2.3801311186847087,-0.7251638983558855,2.7251638983558855,clean_boundary_active__step_0.04,,0.03,eurosat__sigma0.25,secondary,,,,,-0.7251638983558855,2.7251638983558855,1.0,,,150,300,0.82701,0.99926,0.34362,1.0,0.90083,False,-1.866717449277604,3.866717449277604,0.17299,0.17299,0.00074
1.2848283868797636,-0.7368633446937292,3.403530011360396,-1.0818961243649068,3.7485627910315733,clean_boundary_active__step_0.08,,0.04666666666666667,eurosat__sigma0.25,secondary,,,,,-1.0818961243649068,3.7485627910315733,1.3333333333333335,,,150,300,0.65297,0.99378,0.34368,1.3333333333333335,0.90517,False,-2.6603422009537447,5.327008867620412,0.34703,0.34703,0.00622
1.3187098019841719,-1.0701966780270624,3.070196678027063,-1.7602622373694163,3.4152294576982403,clean_boundary_active__step_0.16,unresolved,0.07,eurosat__sigma0.25,primary_shared,0.69984,1.0,1.0,1.0,-1.7602622373694163,3.4152294576982403,1.0000000000000002,inconclusive,,150,300,0.74299,0.98616,0.5077,1.0000000000000002,0.97416,False,-3.098990282895728,5.098990282895728,0.25701,0.25701,0.01384
1.5828868262711686,-1.4152294576982398,3.760262237369417,-2.1052950170405937,4.105295017040595,clean_boundary_active__step_0.32,,0.11,eurosat__sigma0.25,secondary,,,,,-2.1052950170405937,4.105295017040595,1.0000000000000004,,,150,300,0.70857,0.96878,0.5881,1.0000000000000004,0.97416,False,-3.9201406632807108,5.920140663280712,0.29143,0.29143,0.03122
0.0,0.0,0.0,0.0,0.0,cohen_aligned_noisy_margin__step_0.0025,,0.0,eurosat__sigma0.25,secondary,,,,,0.0,0.0,0.0,,,150,300,1.0,1.0,1.0,0.0,1.0,False,0.0,0.0,0.0,0.0,0.0
0.0,0.0,0.0,0.0,0.0,cohen_aligned_noisy_margin__step_0.005,,0.0,eurosat__sigma0.25,secondary,,,,,0.0,0.0,0.0,,,150,300,1.0,1.0,1.0,0.0,1.0,False,0.0,0.0,0.0,0.0,0.0
0.3330074558533425,-1.0233988926756876,0.011699446337843755,-1.0233988926756876,0.011699446337843755,cohen_aligned_noisy_margin__step_0.01,,0.0033333333333333335,eurosat__sigma0.25,secondary,,,,,-1.0233988926756876,0.011699446337843755,-0.33333333333333337,,,150,300,1.0,0.99979,0.70996,-0.33333333333333337,0.97416,False,-1.3684316723468646,0.701765005680198,0.00021,0.0,0.00021
0.3330074558533425,-1.0233988926756876,0.011699446337843755,-1.0233988926756876,0.011699446337843755,cohen_aligned_noisy_margin__step_0.02,,0.0033333333333333335,eurosat__sigma0.25,secondary,,,,,-1.0233988926756876,0.011699446337843755,-0.33333333333333337,,,150,300,1.0,0.99979,0.70996,-0.33333333333333337,0.97416,False,-1.3684316723468646,0.701765005680198,0.00021,0.0,0.00021
0.6307962450751957,-1.701765005680198,0.3684316723468647,-2.0467977853513752,0.3684316723468647,cohen_aligned_noisy_margin__step_0.04,,0.013333333333333334,eurosat__sigma0.25,secondary,,,,,-2.0467977853513752,0.3684316723468647,-0.6666666666666666,,,150,300,0.99999,0.97058,0.408,-0.6666666666666666,0.90517,False,-2.6273919719308907,1.2940586385975572,0.02942,1e-05,0.02942
0.908548966257932,-1.7134644520180415,1.0467977853513755,-2.0584972316892185,1.3918305650225524,cohen_aligned_noisy_margin__step_0.08,,0.03,eurosat__sigma0.25,secondary,,,,,-2.0584972316892185,1.3918305650225524,-0.3333333333333331,,,150,300,0.99234,0.95956,0.83314,-0.3333333333333331,0.97557,False,-3.157406816841816,2.49074015017515,0.04044,0.00766,0.04044
1.2937977441413488,-0.7368633446937289,3.403530011360396,-1.0818961243649066,3.748562791031574,cohen_aligned_noisy_margin__step_0.16,unresolved,0.06666666666666667,eurosat__sigma0.25,primary_shared,0.69984,1.0,1.0,1.0,-1.0818961243649066,3.748562791031574,1.3333333333333337,inconclusive,,150,300,0.65501,0.99469,0.34992,1.3333333333333337,0.97416,False,-2.688221957518638,5.354888624185306,0.34499,0.34499,0.00531
1.611412716346086,1.2397377626305843,6.7602622373694174,0.8947049829594067,7.105295017040595,cohen_aligned_noisy_margin__step_0.32,,0.13333333333333333,eurosat__sigma0.25,secondary,,,,,0.8947049829594067,7.105295017040595,4.000000000000001,,,150,300,0.11933,0.99995,0.01386,4.000000000000001,0.14743,False,-1.0088086522894413,9.008808652289442,0.88067,0.88067,5e-05
1.4484000281947533,-2.081896124364906,2.7485627910315737,-2.426928904036083,3.0935955707027514,control__learned_shared_translation_tangent,unresolved,0.10333333333333333,eurosat__sigma0.25,positive_control,0.91756,,,,-2.426928904036083,3.0935955707027514,0.333333333333334,,-5.0,150,300,0.85956,0.94261,0.91756,0.333333333333334,0.97557,False,-4.1687774664675254,4.835444133134193,0.14044,0.14044,0.05739
3.131104994967388,20.491174971598987,30.8421583617343,19.456076632585457,31.877256700747832,control__lowrank_tangent_r8,positive,0.31666666666666665,eurosat__sigma0.25,positive_control,0.0,,,,19.456076632585457,31.877256700747832,25.666666666666643,,20.333333333333307,150,300,0.0,1.0,0.0,25.666666666666643,0.0,True,15.934147101113547,35.39918623221974,1.0,1.0,0.0
3.0323630875811896,15.502874417936834,25.50882502840097,14.467776078923304,26.198890587743325,control__noisy_class_mean,positive,0.2966666666666667,eurosat__sigma0.25,positive_control,0.0,,,,14.467776078923304,26.198890587743325,20.333333333333314,,14.99999999999998,150,300,0.0,1.0,0.0,20.333333333333314,0.0,True,10.907736578455948,29.758930088210683,1.0,1.0,0.0
3.082699217956335,20.491174971598987,30.8421583617343,19.801109412256633,31.87725670074783,control__fewshot_prompt_bank,positive,0.3233333333333333,eurosat__sigma0.25,positive_control,0.0,,,,19.801109412256633,31.87725670074783,25.666666666666643,,20.333333333333307,150,300,0.0,1.0,0.0,25.666666666666643,0.0,True,16.084608415123483,35.2487249182098,1.0,1.0,0.0
0.2655063404027781,-0.19670838624816472,0.6815568710966495,-0.25944161891565154,0.7756567200978797,global_mean_centering__coefficient_0.25,,0.023636363636363636,pooled__sigma0.25,secondary,,,,,-0.827493698893933,0.7596570875934817,-0.016666666666666698,,,1650,3300,1.0,1.0,0.3739,0.24242424242424243,0.98599,False,-0.5829095304578247,1.0677580153063095,0.0,0.0,0.0
0.3708032264058544,-1.4747535891290031,-0.25145555211301185,-1.6002200544639766,-0.1573557031117815,global_mean_centering__coefficient_0.5,,0.04757575757575758,pooled__sigma0.25,secondary,,,,,-2.728961174050924,-0.05495713159930138,-1.3833333333333333,,,1650,3300,1.0,0.99883,0.01684,-0.8787878787878791,0.22782,False,-2.031439922359133,0.2738641647833746,0.00117,0.0,0.00117
0.4613047737772815,-3.3285563677674146,-1.8229587837477326,-3.4853894494361315,-1.666125702079016,global_mean_centering__coefficient_1,,0.08818181818181818,pooled__sigma0.25,secondary,,,,,-2.0122945073842553,0.6444578960838081,-0.6666666666666647,,,1650,3300,1.0,0.10403,0.0,-2.5757575757575735,6e-05,True,-4.0097361723234295,-1.1417789791917174,0.89597,0.0,0.89597
0.0,0.0,0.0,0.0,0.0,chowers_exact_projected_gap__coefficient_0.25,,0.0,pooled__sigma0.25,secondary,,,,,0.0,0.0,0.0,,,1650,3300,1.0,1.0,1.0,0.0,1.0,False,0.0,0.0,0.0,0.0,0.0
0.0,0.0,0.0,0.0,0.0,chowers_exact_projected_gap__coefficient_0.5,,0.0,pooled__sigma0.25,secondary,,,,,0.0,0.0,0.0,,,1650,3300,1.0,1.0,1.0,0.0,1.0,False,0.0,0.0,0.0,0.0,0.0
0.0,0.0,0.0,0.0,0.0,chowers_exact_projected_gap__coefficient_1,,0.0,pooled__sigma0.25,secondary,,,,,0.0,0.0,0.0,,,1650,3300,1.0,1.0,1.0,0.0,1.0,False,0.0,0.0,0.0,0.0,0.0
0.23875106562410192,0.41147939187386756,1.195644800217452,0.31737954287263753,1.2583780328849385,gr_clip_style_two_sided__coefficient_0.25,,0.020606060606060607,pooled__sigma0.25,secondary,,,,,0.5637317163526843,2.6856833113304237,1.6333333333333335,,,1650,3300,1.0,1.0,0.00058,0.7878787878787881,0.021,True,0.045714523657351736,1.5300430521002244,0.0,0.0,0.0
0.3076213091044462,0.5890432295691976,1.5927749522489854,0.4949433805679675,1.6868748012502155,gr_clip_style_two_sided__coefficient_0.5,,0.03696969696969697,pooled__sigma0.25,secondary,,,,,1.7631467440357926,3.91960161698065,2.8500000000000005,,,1650,3300,0.99801,1.0,0.00034,1.0909090909090915,0.01277,True,0.13465977770272186,2.047158404115461,0.00199,0.00199,0.0
0.3914762649693419,0.3423646430221027,1.628395912705581,0.21689817768712916,1.7538623780405542,gr_clip_style_two_sided__coefficient_1,unresolved,0.059393939393939395,pooled__sigma0.25,primary_shared,0.05648,0.00984,1.0,1.0,1.5186989366815071,4.34796772998516,2.9333333333333336,practically_equivalent,,1650,3300,0.99508,1.0,0.01412,0.9696969696969702,0.1817,False,-0.24721778371637626,2.1866117231103166,0.00492,0.00492,0.0
0.22196358094932198,-0.3460963657018902,0.4067024263079507,-0.4088295983693769,0.46943565897543743,text_only_centering__coefficient_0.25,,0.016666666666666666,pooled__sigma0.25,secondary,,,,,-0.5818759469058635,0.21169944633784388,-0.1333333333333333,,,1650,3300,1.0,1.0,0.9442,0.030303030303030283,0.9905,False,-0.6596768753723266,0.7202829359783871,0.0,0.0,0.0
0.28932042453096224,-0.6826204571273626,0.25837803288493844,-0.7767203061285928,0.3524778818861685,text_only_centering__coefficient_0.5,,0.027575757575757576,pooled__sigma0.25,secondary,,,,,-1.694745337877492,-0.1593494683407536,-0.8666666666666668,,,1650,3300,1.0,1.0,0.48406,-0.2121212121212121,0.98599,False,-1.1114817215076835,0.6872392972652595,0.0,0.0,0.0
0.2903696704304053,-0.7432265177334234,0.19777197227887783,-0.8373263667346533,0.29187182128010797,text_only_centering__coefficient_1,unresolved,0.02878787878787879,pooled__sigma0.25,primary_shared,0.72136,0.0,1.0,1.0,-1.2900655593423545,-0.013444274558998992,-0.6000000000000001,practically_equivalent,,1650,3300,1.0,1.0,0.36068,-0.27272727272727276,0.98599,False,-1.1753493918950952,0.6298948464405496,0.0,0.0,0.0
0.23019736354902604,0.4720854524799285,1.2248842444897694,0.4093522198124418,1.2876174771572564,image_only_centering__coefficient_0.25,,0.020606060606060607,pooled__sigma0.25,secondary,,,,,1.1850781615544885,3.013751893811727,2.1166666666666667,,,1650,3300,1.0,1.0,2e-05,0.848484848484849,0.00901,True,0.13291000278736165,1.5640596941823364,0.0,0.0,0.0
0.30211634795806364,0.3163159568419247,1.3200476795217124,0.22221610784069457,1.4141475285229426,image_only_centering__coefficient_0.5,,0.03424242424242424,pooled__sigma0.25,secondary,,,,,1.6131467440357923,3.7696016169806494,2.7,,,1650,3300,0.99991,1.0,0.00498,0.8181818181818186,0.11365,False,-0.12095517165923841,1.7573188080228754,9e-05,9e-05,0.0
0.38270060310066356,0.9181222187796789,2.1727868721294135,0.7926557534447055,2.298253337464387,image_only_centering__coefficient_1,positive,0.0603030303030303,pooled__sigma0.25,primary_shared,0.00030000000000000003,0.11721,1.0,1.0,2.7181139643646137,5.564634396651825,4.149999999999999,inconclusive,,1650,3300,0.88279,1.0,6e-05,1.5454545454545463,0.00589,True,0.35581917869775204,2.7350899122113406,0.11721,0.11721,0.0
0.03027151845916359,-0.09303626297051705,0.0010635860307130693,-0.09303626297051705,0.0010635860307130693,clean_boundary_active__step_0.0025,,0.00030303030303030303,pooled__sigma0.25,secondary,,,,,-0.5116994463378438,0.005849723168921878,-0.16666666666666669,,,1650,3300,1.0,1.0,0.71312,-0.030303030303030304,0.98599,False,-0.12440287930426043,0.06379681869819982,0.0,0.0,0.0
0.03027151845916359,-0.09303626297051705,0.0010635860307130693,-0.09303626297051705,0.0010635860307130693,clean_boundary_active__step_0.005,,0.00030303030303030303,pooled__sigma0.25,secondary,,,,,-0.5116994463378438,0.005849723168921878,-0.16666666666666669,,,1650,3300,1.0,1.0,0.71312,-0.030303030303030304,0.98599,False,-0.12440287930426043,0.06379681869819982,0.0,0.0,0.0
0.05235223797308871,-0.12440287930426043,0.06379681869819982,-0.12440287930426043,0.06379681869819982,clean_boundary_active__step_0.01,,0.0009090909090909091,pooled__sigma0.25,secondary,,,,,-0.8342158361734323,0.04561775198806933,-0.31666666666666665,,,1650,3300,1.0,1.0,0.7821,-0.030303030303030304,0.98599,False,-0.19304140415731066,0.13243534355125006,0.0,0.0,0.0
0.10142279616580041,-0.03562096045659563,0.27804520288083806,-0.06698757679033904,0.3094118192145815,clean_boundary_active__step_0.02,,0.0036363636363636364,pooled__sigma0.25,secondary,,,,,-0.3114120045441584,1.3619969768610507,0.5166666666666667,,,1650,3300,1.0,1.0,0.27632,0.12121212121212122,0.87904,False,-0.19406343450072094,0.4364876769249634,0.0,0.0,0.0
0.13781847933637906,0.08346398869409946,0.5225966173665068,0.05209737236035611,0.5853298500339934,clean_boundary_active__step_0.04,,0.006666666666666667,pooled__sigma0.25,secondary,,,,,-0.2976701994619526,1.531003532795286,0.6166666666666667,,,1650,3300,1.0,1.0,0.02716,0.3030303030303031,0.28792,False,-0.1253822363878055,0.7314428424484116,0.0,0.0,0.0
0.20366268472381943,-0.042002476640873976,0.6480630827014802,-0.10473570930836074,0.7107963153689669,clean_boundary_active__step_0.08,,0.013939393939393939,pooled__sigma0.25,secondary,,,,,-0.5272062571002472,2.0087846734829045,0.7666666666666668,,,1650,3300,1.0,1.0,0.1422,0.3030303030303031,0.78073,False,-0.3300607626045349,0.9361213686651411,0.0,0.0,0.0
0.2501568474416772,-0.22594783052048203,0.5895841941568457,-0.3200476795217121,0.6836840431580756,clean_boundary_active__step_0.16,unresolved,0.02303030303030303,pooled__sigma0.25,primary_shared,0.72136,0.0,1.0,1.0,-0.7783762017340317,1.8611245627504729,0.55,practically_equivalent,,1650,3300,1.0,1.0,0.48812,0.1818181818181818,0.98599,False,-0.5958012693712513,0.9594376330076149,0.0,0.0,0.0
0.32667205132962546,-0.38171732615848575,0.6847476291887888,-0.4758171751597159,0.8102140945237623,clean_boundary_active__step_0.32,,0.040303030303030306,pooled__sigma0.25,secondary,,,,,-1.0365658141705225,2.1204841198207482,0.5333333333333334,,,1650,3300,1.0,1.0,0.66622,0.15151515151515152,0.98599,False,-0.8639539186772792,1.1669842217075823,0.0,0.0,0.0
0.0,0.0,0.0,0.0,0.0,cohen_aligned_noisy_margin__step_0.0025,,0.0,pooled__sigma0.25,secondary,,,,,0.0,0.0,0.0,,,1650,3300,1.0,1.0,1.0,0.0,1.0,False,0.0,0.0,0.0,0.0,0.0
0.0,0.0,0.0,0.0,0.0,cohen_aligned_noisy_margin__step_0.005,,0.0,pooled__sigma0.25,secondary,,,,,0.0,0.0,0.0,,,1650,3300,1.0,1.0,1.0,0.0,1.0,False,0.0,0.0,0.0,0.0,0.0
0.0302734050775635,-0.09303626297051705,0.0010635860307130693,-0.09303626297051705,0.0010635860307130693,cohen_aligned_noisy_margin__step_0.01,,0.00030303030303030303,pooled__sigma0.25,secondary,,,,,-0.5116994463378438,0.005849723168921878,-0.16666666666666669,,,1650,3300,1.0,1.0,0.70996,-0.030303030303030304,0.98599,False,-0.12440874390952607,0.06380268330346546,0.0,0.0,0.0
0.06038067151407389,-0.15470590960729075,0.03349378839516952,-0.1860725259410341,0.06486040472891288,cohen_aligned_noisy_margin__step_0.02,,0.0012121212121212121,pooled__sigma0.25,secondary,,,,,-0.5628693909716282,0.023686334469372933,-0.18333333333333335,,,1650,3300,1.0,1.0,0.43004,-0.06060606060606061,0.98599,False,-0.24830104127681948,0.12708892006469827,0.0,0.0,0.0
0.08336571472066107,-0.1860725259410341,0.06486040472891288,-0.21743914227477745,0.09622702106265624,cohen_aligned_noisy_margin__step_0.04,,0.0024242424242424242,pooled__sigma0.25,secondary,,,,,-0.9888956147085699,0.2532223921076678,-0.3333333333333333,,,1650,3300,1.0,1.0,0.57466,-0.06060606060606061,0.98599,False,-0.31975068123935885,0.19853856002723763,0.0,0.0,0.0
0.11763246631037985,-0.09729060709336931,0.27910878891155116,-0.12865722342711272,0.31047540524529454,cohen_aligned_noisy_margin__step_0.08,,0.005151515151515152,pooled__sigma0.25,secondary,,,,,-0.9798335881615016,0.7970852271450605,-0.10000000000000002,,,1650,3300,1.0,1.0,0.50918,0.09090909090909091,0.98599,False,-0.2747546709660007,0.45657285278418247,0.0,0.0,0.0
0.2021390700368877,-0.011699446337843644,0.6783661130045104,-0.07443267900533046,0.7410993456719972,cohen_aligned_noisy_margin__step_0.16,unresolved,0.015454545454545455,pooled__sigma0.25,primary_shared,0.30504000000000003,0.0,1.0,1.0,-0.4932879514500217,2.077206257100247,0.7833333333333334,practically_equivalent,,1650,3300,1.0,1.0,0.10168,0.33333333333333337,0.6801,False,-0.29502153407709963,0.9616882007437664,0.0,0.0,0.0
0.28175612164829167,-0.046256820763726336,0.8947416692485748,-0.14035666976495642,0.9888415182498047,cohen_aligned_noisy_margin__step_0.32,,0.03333333333333333,pooled__sigma0.25,secondary,,,,,0.42893090786236,3.6204841198207482,2.0333333333333337,,,1650,3300,1.0,1.0,0.1328,0.4242424242424242,0.78073,False,-0.45160424126406185,1.3000890897489104,0.0,0.0,0.0
0.30333556537695827,-0.5018658613398939,0.5018658613398939,-0.595965710341124,0.595965710341124,control__learned_shared_translation_tangent,unresolved,0.034545454545454546,pooled__sigma0.25,positive_control,0.97278,,,,-1.2646343966518263,1.6336409525860618,0.15000000000000008,,-0.9696969696969702,1650,3300,1.0,1.0,0.97278,2.168404344971009e-17,0.9905,False,-0.9429269607727242,0.9429269607727242,0.0,0.0,0.0
0.6438027196494962,3.5395956507133257,5.672525561407875,3.3513959527108654,5.892091875744078,control__lowrank_tangent_r8,positive,0.1393939393939394,pooled__sigma0.25,positive_control,0.0,,,,10.97803831629273,17.240383267324596,14.083333333333325,,3.63636363636363,1650,3300,4e-05,1.0,0.0,4.6060606060606,0.0,True,2.604782117592177,6.607339094529023,0.99996,0.99996,0.0
0.7271684286208426,-0.13132536007618745,2.252537481288309,-0.3508916744123918,2.503470411958255,control__noisy_class_mean,unresolved,0.16818181818181818,pooled__sigma0.25,positive_control,0.2976,,,,6.731548150194085,12.82137671139036,9.733333333333325,,0.0909090909090906,1650,3300,0.89825,0.99997,0.1488,1.0606060606060608,0.78073,False,-1.1998170306237579,3.321029151835879,0.10175,0.10175,3e-05
0.6143810564535788,5.875056156108092,7.882519601467668,5.686856458105631,8.07071929947013,control__fewshot_prompt_bank,positive,0.13363636363636364,pooled__sigma0.25,positive_control,0.0,,,,12.279793233243407,18.438628350373918,15.333333333333323,,5.90909090909091,1650,3300,0.0,1.0,0.0,6.87878787878788,0.0,True,4.9689674408244455,8.788608316751315,1.0,1.0,0.0
