dataset_id,item_id,dataset_index,label
eurosat,eurosat/2750/AnnualCrop/AnnualCrop_10.jpg,1,0
eurosat,eurosat/2750/AnnualCrop/AnnualCrop_1173.jpg,194,0
eurosat,eurosat/2750/AnnualCrop/AnnualCrop_1178.jpg,199,0
eurosat,eurosat/2750/AnnualCrop/AnnualCrop_1209.jpg,234,0
eurosat,eurosat/2750/AnnualCrop/AnnualCrop_1526.jpg,586,0
eurosat,eurosat/2750/AnnualCrop/AnnualCrop_1573.jpg,638,0
eurosat,eurosat/2750/AnnualCrop/AnnualCrop_1622.jpg,693,0
eurosat,eurosat/2750/AnnualCrop/AnnualCrop_1782.jpg,870,0
eurosat,eurosat/2750/AnnualCrop/AnnualCrop_2039.jpg,1156,0
eurosat,eurosat/2750/AnnualCrop/AnnualCrop_2078.jpg,1199,0
eurosat,eurosat/2750/AnnualCrop/AnnualCrop_222.jpg,1357,0
eurosat,eurosat/2750/AnnualCrop/AnnualCrop_2312.jpg,1460,0
eurosat,eurosat/2750/AnnualCrop/AnnualCrop_2363.jpg,1516,0
eurosat,eurosat/2750/AnnualCrop/AnnualCrop_2428.jpg,1588,0
eurosat,eurosat/2750/AnnualCrop/AnnualCrop_2503.jpg,1672,0
eurosat,eurosat/2750/AnnualCrop/AnnualCrop_2682.jpg,1870,0
eurosat,eurosat/2750/AnnualCrop/AnnualCrop_2687.jpg,1875,0
eurosat,eurosat/2750/AnnualCrop/AnnualCrop_2697.jpg,1886,0
eurosat,eurosat/2750/AnnualCrop/AnnualCrop_2699.jpg,1888,0
eurosat,eurosat/2750/AnnualCrop/AnnualCrop_2746.jpg,1941,0
eurosat,eurosat/2750/AnnualCrop/AnnualCrop_2829.jpg,2033,0
eurosat,eurosat/2750/AnnualCrop/AnnualCrop_289.jpg,2100,0
eurosat,eurosat/2750/AnnualCrop/AnnualCrop_2899.jpg,2110,0
eurosat,eurosat/2750/AnnualCrop/AnnualCrop_2957.jpg,2175,0
eurosat,eurosat/2750/AnnualCrop/AnnualCrop_445.jpg,2385,0
eurosat,eurosat/2750/AnnualCrop/AnnualCrop_525.jpg,2474,0
eurosat,eurosat/2750/AnnualCrop/AnnualCrop_625.jpg,2585,0
eurosat,eurosat/2750/AnnualCrop/AnnualCrop_816.jpg,2797,0
eurosat,eurosat/2750/AnnualCrop/AnnualCrop_852.jpg,2837,0
eurosat,eurosat/2750/AnnualCrop/AnnualCrop_979.jpg,2977,0
eurosat,eurosat/2750/Forest/Forest_1181.jpg,3203,1
eurosat,eurosat/2750/Forest/Forest_1185.jpg,3207,1
eurosat,eurosat/2750/Forest/Forest_1228.jpg,3255,1
eurosat,eurosat/2750/Forest/Forest_1238.jpg,3266,1
eurosat,eurosat/2750/Forest/Forest_1416.jpg,3464,1
eurosat,eurosat/2750/Forest/Forest_1491.jpg,3547,1
eurosat,eurosat/2750/Forest/Forest_1545.jpg,3607,1
eurosat,eurosat/2750/Forest/Forest_1638.jpg,3710,1
eurosat,eurosat/2750/Forest/Forest_190.jpg,4001,1
eurosat,eurosat/2750/Forest/Forest_2086.jpg,4208,1
eurosat,eurosat/2750/Forest/Forest_2167.jpg,4298,1
eurosat,eurosat/2750/Forest/Forest_2247.jpg,4387,1
eurosat,eurosat/2750/Forest/Forest_2262.jpg,4404,1
eurosat,eurosat/2750/Forest/Forest_2290.jpg,4435,1
eurosat,eurosat/2750/Forest/Forest_2370.jpg,4524,1
eurosat,eurosat/2750/Forest/Forest_2512.jpg,4682,1
eurosat,eurosat/2750/Forest/Forest_2652.jpg,4837,1
eurosat,eurosat/2750/Forest/Forest_2668.jpg,4854,1
eurosat,eurosat/2750/Forest/Forest_2715.jpg,4907,1
eurosat,eurosat/2750/Forest/Forest_2770.jpg,4968,1
eurosat,eurosat/2750/Forest/Forest_2913.jpg,5127,1
eurosat,eurosat/2750/Forest/Forest_2965.jpg,5184,1
eurosat,eurosat/2750/Forest/Forest_2986.jpg,5207,1
eurosat,eurosat/2750/Forest/Forest_380.jpg,5313,1
eurosat,eurosat/2750/Forest/Forest_494.jpg,5439,1
eurosat,eurosat/2750/Forest/Forest_529.jpg,5478,1
eurosat,eurosat/2750/Forest/Forest_579.jpg,5533,1
eurosat,eurosat/2750/Forest/Forest_7.jpg,5667,1
eurosat,eurosat/2750/Forest/Forest_823.jpg,5805,1
eurosat,eurosat/2750/Forest/Forest_974.jpg,5972,1
eurosat,eurosat/2750/HerbaceousVegetation/HerbaceousVegetation_1.jpg,6000,2
eurosat,eurosat/2750/HerbaceousVegetation/HerbaceousVegetation_1071.jpg,6081,2
eurosat,eurosat/2750/HerbaceousVegetation/HerbaceousVegetation_1329.jpg,6367,2
eurosat,eurosat/2750/HerbaceousVegetation/HerbaceousVegetation_1414.jpg,6462,2
eurosat,eurosat/2750/HerbaceousVegetation/HerbaceousVegetation_1634.jpg,6706,2
eurosat,eurosat/2750/HerbaceousVegetation/HerbaceousVegetation_1635.jpg,6707,2
eurosat,eurosat/2750/HerbaceousVegetation/HerbaceousVegetation_1766.jpg,6852,2
eurosat,eurosat/2750/HerbaceousVegetation/HerbaceousVegetation_1771.jpg,6858,2
eurosat,eurosat/2750/HerbaceousVegetation/HerbaceousVegetation_1783.jpg,6871,2
eurosat,eurosat/2750/HerbaceousVegetation/HerbaceousVegetation_1810.jpg,6902,2
eurosat,eurosat/2750/HerbaceousVegetation/HerbaceousVegetation_1914.jpg,7017,2
eurosat,eurosat/2750/HerbaceousVegetation/HerbaceousVegetation_1977.jpg,7086,2
eurosat,eurosat/2750/HerbaceousVegetation/HerbaceousVegetation_214.jpg,7268,2
eurosat,eurosat/2750/HerbaceousVegetation/HerbaceousVegetation_2219.jpg,7356,2
eurosat,eurosat/2750/HerbaceousVegetation/HerbaceousVegetation_2231.jpg,7370,2
eurosat,eurosat/2750/HerbaceousVegetation/HerbaceousVegetation_226.jpg,7401,2
eurosat,eurosat/2750/HerbaceousVegetation/HerbaceousVegetation_2340.jpg,7491,2
eurosat,eurosat/2750/HerbaceousVegetation/HerbaceousVegetation_2396.jpg,7552,2
eurosat,eurosat/2750/HerbaceousVegetation/HerbaceousVegetation_2456.jpg,7619,2
eurosat,eurosat/2750/HerbaceousVegetation/HerbaceousVegetation_2568.jpg,7743,2
eurosat,eurosat/2750/HerbaceousVegetation/HerbaceousVegetation_2642.jpg,7826,2
eurosat,eurosat/2750/HerbaceousVegetation/HerbaceousVegetation_2700.jpg,7891,2
eurosat,eurosat/2750/HerbaceousVegetation/HerbaceousVegetation_2806.jpg,8008,2
eurosat,eurosat/2750/HerbaceousVegetation/HerbaceousVegetation_430.jpg,8369,2
eurosat,eurosat/2750/HerbaceousVegetation/HerbaceousVegetation_555.jpg,8507,2
eurosat,eurosat/2750/HerbaceousVegetation/HerbaceousVegetation_615.jpg,8574,2
eurosat,eurosat/2750/HerbaceousVegetation/HerbaceousVegetation_667.jpg,8631,2
eurosat,eurosat/2750/HerbaceousVegetation/HerbaceousVegetation_685.jpg,8651,2
eurosat,eurosat/2750/HerbaceousVegetation/HerbaceousVegetation_70.jpg,8668,2
eurosat,eurosat/2750/HerbaceousVegetation/HerbaceousVegetation_904.jpg,8895,2
eurosat,eurosat/2750/Highway/Highway_1074.jpg,9084,3
eurosat,eurosat/2750/Highway/Highway_1082.jpg,9093,3
eurosat,eurosat/2750/Highway/Highway_1119.jpg,9134,3
eurosat,eurosat/2750/Highway/Highway_1145.jpg,9163,3
eurosat,eurosat/2750/Highway/Highway_1146.jpg,9164,3
eurosat,eurosat/2750/Highway/Highway_115.jpg,9168,3
eurosat,eurosat/2750/Highway/Highway_1163.jpg,9183,3
eurosat,eurosat/2750/Highway/Highway_1266.jpg,9297,3
eurosat,eurosat/2750/Highway/Highway_1293.jpg,9327,3
eurosat,eurosat/2750/Highway/Highway_1341.jpg,9381,3
eurosat,eurosat/2750/Highway/Highway_1375.jpg,9418,3
eurosat,eurosat/2750/Highway/Highway_1410.jpg,9458,3
eurosat,eurosat/2750/Highway/Highway_1421.jpg,9470,3
eurosat,eurosat/2750/Highway/Highway_1456.jpg,9508,3
eurosat,eurosat/2750/Highway/Highway_1635.jpg,9707,3
eurosat,eurosat/2750/Highway/Highway_1874.jpg,9972,3
eurosat,eurosat/2750/Highway/Highway_1882.jpg,9981,3
eurosat,eurosat/2750/Highway/Highway_2100.jpg,10225,3
eurosat,eurosat/2750/Highway/Highway_2187.jpg,10320,3
eurosat,eurosat/2750/Highway/Highway_2248.jpg,10388,3
eurosat,eurosat/2750/Highway/Highway_2489.jpg,10655,3
eurosat,eurosat/2750/Highway/Highway_2494.jpg,10661,3
eurosat,eurosat/2750/Highway/Highway_2495.jpg,10662,3
eurosat,eurosat/2750/Highway/Highway_25.jpg,10667,3
eurosat,eurosat/2750/Highway/Highway_258.jpg,10677,3
eurosat,eurosat/2750/Highway/Highway_332.jpg,10760,3
eurosat,eurosat/2750/Highway/Highway_420.jpg,10858,3
eurosat,eurosat/2750/Highway/Highway_468.jpg,10910,3
eurosat,eurosat/2750/Highway/Highway_867.jpg,11353,3
eurosat,eurosat/2750/Highway/Highway_995.jpg,11495,3
eurosat,eurosat/2750/Industrial/Industrial_1052.jpg,11560,4
eurosat,eurosat/2750/Industrial/Industrial_1062.jpg,11571,4
eurosat,eurosat/2750/Industrial/Industrial_1152.jpg,11671,4
eurosat,eurosat/2750/Industrial/Industrial_1188.jpg,11710,4
eurosat,eurosat/2750/Industrial/Industrial_1301.jpg,11837,4
eurosat,eurosat/2750/Industrial/Industrial_1317.jpg,11854,4
eurosat,eurosat/2750/Industrial/Industrial_1336.jpg,11875,4
eurosat,eurosat/2750/Industrial/Industrial_1367.jpg,11909,4
eurosat,eurosat/2750/Industrial/Industrial_1374.jpg,11917,4
eurosat,eurosat/2750/Industrial/Industrial_1384.jpg,11928,4
eurosat,eurosat/2750/Industrial/Industrial_1481.jpg,12036,4
eurosat,eurosat/2750/Industrial/Industrial_1560.jpg,12124,4
eurosat,eurosat/2750/Industrial/Industrial_1635.jpg,12207,4
eurosat,eurosat/2750/Industrial/Industrial_1644.jpg,12217,4
eurosat,eurosat/2750/Industrial/Industrial_1822.jpg,12415,4
eurosat,eurosat/2750/Industrial/Industrial_1863.jpg,12460,4
eurosat,eurosat/2750/Industrial/Industrial_1875.jpg,12473,4
eurosat,eurosat/2750/Industrial/Industrial_2151.jpg,12781,4
eurosat,eurosat/2750/Industrial/Industrial_2398.jpg,13054,4
eurosat,eurosat/2750/Industrial/Industrial_2407.jpg,13065,4
eurosat,eurosat/2750/Industrial/Industrial_313.jpg,13239,4
eurosat,eurosat/2750/Industrial/Industrial_315.jpg,13241,4
eurosat,eurosat/2750/Industrial/Industrial_332.jpg,13260,4
eurosat,eurosat/2750/Industrial/Industrial_399.jpg,13333,4
eurosat,eurosat/2750/Industrial/Industrial_482.jpg,13426,4
eurosat,eurosat/2750/Industrial/Industrial_509.jpg,13456,4
eurosat,eurosat/2750/Industrial/Industrial_553.jpg,13505,4
eurosat,eurosat/2750/Industrial/Industrial_719.jpg,13689,4
eurosat,eurosat/2750/Industrial/Industrial_736.jpg,13708,4
eurosat,eurosat/2750/Industrial/Industrial_976.jpg,13974,4
eurosat,eurosat/2750/Pasture/Pasture_1100.jpg,14114,5
eurosat,eurosat/2750/Pasture/Pasture_1111.jpg,14126,5
eurosat,eurosat/2750/Pasture/Pasture_1135.jpg,14152,5
eurosat,eurosat/2750/Pasture/Pasture_1196.jpg,14219,5
eurosat,eurosat/2750/Pasture/Pasture_1204.jpg,14229,5
eurosat,eurosat/2750/Pasture/Pasture_1402.jpg,14449,5
eurosat,eurosat/2750/Pasture/Pasture_1416.jpg,14464,5
eurosat,eurosat/2750/Pasture/Pasture_1483.jpg,14538,5
eurosat,eurosat/2750/Pasture/Pasture_1550.jpg,14613,5
eurosat,eurosat/2750/Pasture/Pasture_1554.jpg,14617,5
eurosat,eurosat/2750/Pasture/Pasture_1623.jpg,14694,5
eurosat,eurosat/2750/Pasture/Pasture_1676.jpg,14752,5
eurosat,eurosat/2750/Pasture/Pasture_1729.jpg,14811,5
eurosat,eurosat/2750/Pasture/Pasture_1741.jpg,14825,5
eurosat,eurosat/2750/Pasture/Pasture_1830.jpg,14924,5
eurosat,eurosat/2750/Pasture/Pasture_1964.jpg,15072,5
eurosat,eurosat/2750/Pasture/Pasture_204.jpg,15118,5
eurosat,eurosat/2750/Pasture/Pasture_263.jpg,15183,5
eurosat,eurosat/2750/Pasture/Pasture_32.jpg,15246,5
eurosat,eurosat/2750/Pasture/Pasture_390.jpg,15324,5
eurosat,eurosat/2750/Pasture/Pasture_4.jpg,15334,5
eurosat,eurosat/2750/Pasture/Pasture_444.jpg,15384,5
eurosat,eurosat/2750/Pasture/Pasture_625.jpg,15585,5
eurosat,eurosat/2750/Pasture/Pasture_638.jpg,15599,5
eurosat,eurosat/2750/Pasture/Pasture_671.jpg,15636,5
eurosat,eurosat/2750/Pasture/Pasture_699.jpg,15666,5
eurosat,eurosat/2750/Pasture/Pasture_723.jpg,15694,5
eurosat,eurosat/2750/Pasture/Pasture_778.jpg,15754,5
eurosat,eurosat/2750/Pasture/Pasture_831.jpg,15814,5
eurosat,eurosat/2750/Pasture/Pasture_92.jpg,15912,5
eurosat,eurosat/2750/PermanentCrop/PermanentCrop_1.jpg,16000,6
eurosat,eurosat/2750/PermanentCrop/PermanentCrop_1026.jpg,16031,6
eurosat,eurosat/2750/PermanentCrop/PermanentCrop_1130.jpg,16147,6
eurosat,eurosat/2750/PermanentCrop/PermanentCrop_1169.jpg,16189,6
eurosat,eurosat/2750/PermanentCrop/PermanentCrop_1178.jpg,16199,6
eurosat,eurosat/2750/PermanentCrop/PermanentCrop_1239.jpg,16267,6
eurosat,eurosat/2750/PermanentCrop/PermanentCrop_132.jpg,16357,6
eurosat,eurosat/2750/PermanentCrop/PermanentCrop_1380.jpg,16424,6
eurosat,eurosat/2750/PermanentCrop/PermanentCrop_1422.jpg,16471,6
eurosat,eurosat/2750/PermanentCrop/PermanentCrop_1456.jpg,16508,6
eurosat,eurosat/2750/PermanentCrop/PermanentCrop_1496.jpg,16552,6
eurosat,eurosat/2750/PermanentCrop/PermanentCrop_1649.jpg,16722,6
eurosat,eurosat/2750/PermanentCrop/PermanentCrop_1737.jpg,16820,6
eurosat,eurosat/2750/PermanentCrop/PermanentCrop_1846.jpg,16941,6
eurosat,eurosat/2750/PermanentCrop/PermanentCrop_1870.jpg,16968,6
eurosat,eurosat/2750/PermanentCrop/PermanentCrop_1925.jpg,17029,6
eurosat,eurosat/2750/PermanentCrop/PermanentCrop_2107.jpg,17232,6
eurosat,eurosat/2750/PermanentCrop/PermanentCrop_2124.jpg,17251,6
eurosat,eurosat/2750/PermanentCrop/PermanentCrop_2258.jpg,17399,6
eurosat,eurosat/2750/PermanentCrop/PermanentCrop_2262.jpg,17404,6
eurosat,eurosat/2750/PermanentCrop/PermanentCrop_2434.jpg,17595,6
eurosat,eurosat/2750/PermanentCrop/PermanentCrop_2446.jpg,17608,6
eurosat,eurosat/2750/PermanentCrop/PermanentCrop_2483.jpg,17649,6
eurosat,eurosat/2750/PermanentCrop/PermanentCrop_254.jpg,17673,6
eurosat,eurosat/2750/PermanentCrop/PermanentCrop_34.jpg,17768,6
eurosat,eurosat/2750/PermanentCrop/PermanentCrop_444.jpg,17884,6
eurosat,eurosat/2750/PermanentCrop/PermanentCrop_489.jpg,17933,6
eurosat,eurosat/2750/PermanentCrop/PermanentCrop_513.jpg,17961,6
eurosat,eurosat/2750/PermanentCrop/PermanentCrop_629.jpg,18089,6
eurosat,eurosat/2750/PermanentCrop/PermanentCrop_903.jpg,18394,6
eurosat,eurosat/2750/Residential/Residential_1192.jpg,18715,7
eurosat,eurosat/2750/Residential/Residential_1305.jpg,18841,7
eurosat,eurosat/2750/Residential/Residential_1366.jpg,18908,7
eurosat,eurosat/2750/Residential/Residential_1445.jpg,18996,7
eurosat,eurosat/2750/Residential/Residential_1472.jpg,19026,7
eurosat,eurosat/2750/Residential/Residential_1580.jpg,19146,7
eurosat,eurosat/2750/Residential/Residential_1606.jpg,19175,7
eurosat,eurosat/2750/Residential/Residential_1790.jpg,19379,7
eurosat,eurosat/2750/Residential/Residential_1912.jpg,19515,7
eurosat,eurosat/2750/Residential/Residential_1934.jpg,19539,7
eurosat,eurosat/2750/Residential/Residential_2004.jpg,19618,7
eurosat,eurosat/2750/Residential/Residential_2243.jpg,19883,7
eurosat,eurosat/2750/Residential/Residential_2323.jpg,19972,7
eurosat,eurosat/2750/Residential/Residential_2464.jpg,20128,7
eurosat,eurosat/2750/Residential/Residential_2593.jpg,20271,7
eurosat,eurosat/2750/Residential/Residential_2660.jpg,20346,7
eurosat,eurosat/2750/Residential/Residential_2755.jpg,20451,7
eurosat,eurosat/2750/Residential/Residential_2826.jpg,20530,7
eurosat,eurosat/2750/Residential/Residential_34.jpg,20768,7
eurosat,eurosat/2750/Residential/Residential_408.jpg,20844,7
eurosat,eurosat/2750/Residential/Residential_502.jpg,20949,7
eurosat,eurosat/2750/Residential/Residential_57.jpg,21023,7
eurosat,eurosat/2750/Residential/Residential_630.jpg,21091,7
eurosat,eurosat/2750/Residential/Residential_648.jpg,21110,7
eurosat,eurosat/2750/Residential/Residential_655.jpg,21118,7
eurosat,eurosat/2750/Residential/Residential_755.jpg,21229,7
eurosat,eurosat/2750/Residential/Residential_786.jpg,21263,7
eurosat,eurosat/2750/Residential/Residential_856.jpg,21341,7
eurosat,eurosat/2750/Residential/Residential_891.jpg,21380,7
eurosat,eurosat/2750/Residential/Residential_927.jpg,21420,7
eurosat,eurosat/2750/River/River_1013.jpg,21517,8
eurosat,eurosat/2750/River/River_1126.jpg,21642,8
eurosat,eurosat/2750/River/River_1187.jpg,21709,8
eurosat,eurosat/2750/River/River_148.jpg,22034,8
eurosat,eurosat/2750/River/River_1639.jpg,22211,8
eurosat,eurosat/2750/River/River_1748.jpg,22332,8
eurosat,eurosat/2750/River/River_1780.jpg,22368,8
eurosat,eurosat/2750/River/River_1828.jpg,22421,8
eurosat,eurosat/2750/River/River_1922.jpg,22526,8
eurosat,eurosat/2750/River/River_1956.jpg,22563,8
eurosat,eurosat/2750/River/River_1989.jpg,22599,8
eurosat,eurosat/2750/River/River_2027.jpg,22643,8
eurosat,eurosat/2750/River/River_2118.jpg,22744,8
eurosat,eurosat/2750/River/River_213.jpg,22757,8
eurosat,eurosat/2750/River/River_2151.jpg,22781,8
eurosat,eurosat/2750/River/River_2233.jpg,22872,8
eurosat,eurosat/2750/River/River_2244.jpg,22884,8
eurosat,eurosat/2750/River/River_2308.jpg,22955,8
eurosat,eurosat/2750/River/River_2323.jpg,22972,8
eurosat,eurosat/2750/River/River_2345.jpg,22996,8
eurosat,eurosat/2750/River/River_2375.jpg,23029,8
eurosat,eurosat/2750/River/River_2489.jpg,23155,8
eurosat,eurosat/2750/River/River_313.jpg,23239,8
eurosat,eurosat/2750/River/River_354.jpg,23284,8
eurosat,eurosat/2750/River/River_454.jpg,23395,8
eurosat,eurosat/2750/River/River_559.jpg,23511,8
eurosat,eurosat/2750/River/River_579.jpg,23533,8
eurosat,eurosat/2750/River/River_821.jpg,23803,8
eurosat,eurosat/2750/River/River_869.jpg,23855,8
eurosat,eurosat/2750/River/River_914.jpg,23906,8
eurosat,eurosat/2750/SeaLake/SeaLake_1067.jpg,24076,9
eurosat,eurosat/2750/SeaLake/SeaLake_1133.jpg,24150,9
eurosat,eurosat/2750/SeaLake/SeaLake_1154.jpg,24173,9
eurosat,eurosat/2750/SeaLake/SeaLake_1158.jpg,24177,9
eurosat,eurosat/2750/SeaLake/SeaLake_1258.jpg,24288,9
eurosat,eurosat/2750/SeaLake/SeaLake_1411.jpg,24459,9
eurosat,eurosat/2750/SeaLake/SeaLake_1427.jpg,24476,9
eurosat,eurosat/2750/SeaLake/SeaLake_2060.jpg,25180,9
eurosat,eurosat/2750/SeaLake/SeaLake_2112.jpg,25238,9
eurosat,eurosat/2750/SeaLake/SeaLake_2116.jpg,25242,9
eurosat,eurosat/2750/SeaLake/SeaLake_2188.jpg,25321,9
eurosat,eurosat/2750/SeaLake/SeaLake_220.jpg,25335,9
eurosat,eurosat/2750/SeaLake/SeaLake_2386.jpg,25541,9
eurosat,eurosat/2750/SeaLake/SeaLake_2480.jpg,25646,9
eurosat,eurosat/2750/SeaLake/SeaLake_2625.jpg,25807,9
eurosat,eurosat/2750/SeaLake/SeaLake_2720.jpg,25913,9
eurosat,eurosat/2750/SeaLake/SeaLake_2777.jpg,25975,9
eurosat,eurosat/2750/SeaLake/SeaLake_2791.jpg,25991,9
eurosat,eurosat/2750/SeaLake/SeaLake_2807.jpg,26009,9
eurosat,eurosat/2750/SeaLake/SeaLake_2815.jpg,26018,9
eurosat,eurosat/2750/SeaLake/SeaLake_2835.jpg,26040,9
eurosat,eurosat/2750/SeaLake/SeaLake_293.jpg,26145,9
eurosat,eurosat/2750/SeaLake/SeaLake_2989.jpg,26210,9
eurosat,eurosat/2750/SeaLake/SeaLake_399.jpg,26333,9
eurosat,eurosat/2750/SeaLake/SeaLake_41.jpg,26346,9
eurosat,eurosat/2750/SeaLake/SeaLake_425.jpg,26363,9
eurosat,eurosat/2750/SeaLake/SeaLake_533.jpg,26483,9
eurosat,eurosat/2750/SeaLake/SeaLake_61.jpg,26568,9
eurosat,eurosat/2750/SeaLake/SeaLake_69.jpg,26656,9
eurosat,eurosat/2750/SeaLake/SeaLake_730.jpg,26702,9
