dataset_id,item_id,dataset_index,label,source_split
eurosat,eurosat/2750/AnnualCrop/AnnualCrop_1031.jpg,37,0,phase3_calibration_development_fold0
eurosat,eurosat/2750/AnnualCrop/AnnualCrop_157.jpg,634,0,phase3_calibration_development_fold0
eurosat,eurosat/2750/AnnualCrop/AnnualCrop_1760.jpg,846,0,phase3_calibration_development_fold0
eurosat,eurosat/2750/AnnualCrop/AnnualCrop_310.jpg,2236,0,phase3_calibration_development_fold0
eurosat,eurosat/2750/AnnualCrop/AnnualCrop_34.jpg,2268,0,phase3_calibration_development_fold0
eurosat,eurosat/2750/Forest/Forest_1585.jpg,3651,1,phase3_calibration_development_fold0
eurosat,eurosat/2750/Forest/Forest_1689.jpg,3766,1,phase3_calibration_development_fold0
eurosat,eurosat/2750/Forest/Forest_1865.jpg,3962,1,phase3_calibration_development_fold0
eurosat,eurosat/2750/Forest/Forest_2935.jpg,5151,1,phase3_calibration_development_fold0
eurosat,eurosat/2750/Forest/Forest_313.jpg,5239,1,phase3_calibration_development_fold0
eurosat,eurosat/2750/HerbaceousVegetation/HerbaceousVegetation_1224.jpg,6251,2,phase3_calibration_development_fold0
eurosat,eurosat/2750/HerbaceousVegetation/HerbaceousVegetation_2207.jpg,7343,2,phase3_calibration_development_fold0
eurosat,eurosat/2750/HerbaceousVegetation/HerbaceousVegetation_2773.jpg,7971,2,phase3_calibration_development_fold0
eurosat,eurosat/2750/HerbaceousVegetation/HerbaceousVegetation_284.jpg,8045,2,phase3_calibration_development_fold0
eurosat,eurosat/2750/HerbaceousVegetation/HerbaceousVegetation_564.jpg,8517,2,phase3_calibration_development_fold0
eurosat,eurosat/2750/Highway/Highway_18.jpg,9889,3,phase3_calibration_development_fold0
eurosat,eurosat/2750/Highway/Highway_475.jpg,10918,3,phase3_calibration_development_fold0
eurosat,eurosat/2750/Highway/Highway_798.jpg,11276,3,phase3_calibration_development_fold0
eurosat,eurosat/2750/Highway/Highway_833.jpg,11316,3,phase3_calibration_development_fold0
eurosat,eurosat/2750/Highway/Highway_875.jpg,11362,3,phase3_calibration_development_fold0
eurosat,eurosat/2750/Industrial/Industrial_1028.jpg,11533,4,phase3_calibration_development_fold0
eurosat,eurosat/2750/Industrial/Industrial_1359.jpg,11900,4,phase3_calibration_development_fold0
eurosat,eurosat/2750/Industrial/Industrial_766.jpg,13741,4,phase3_calibration_development_fold0
eurosat,eurosat/2750/Industrial/Industrial_862.jpg,13848,4,phase3_calibration_development_fold0
eurosat,eurosat/2750/Industrial/Industrial_935.jpg,13929,4,phase3_calibration_development_fold0
eurosat,eurosat/2750/Pasture/Pasture_1814.jpg,14906,5,phase3_calibration_development_fold0
eurosat,eurosat/2750/Pasture/Pasture_1977.jpg,15086,5,phase3_calibration_development_fold0
eurosat,eurosat/2750/Pasture/Pasture_226.jpg,15142,5,phase3_calibration_development_fold0
eurosat,eurosat/2750/Pasture/Pasture_653.jpg,15616,5,phase3_calibration_development_fold0
eurosat,eurosat/2750/Pasture/Pasture_994.jpg,15994,5,phase3_calibration_development_fold0
eurosat,eurosat/2750/PermanentCrop/PermanentCrop_1270.jpg,16302,6,phase3_calibration_development_fold0
eurosat,eurosat/2750/PermanentCrop/PermanentCrop_1395.jpg,16440,6,phase3_calibration_development_fold0
eurosat,eurosat/2750/PermanentCrop/PermanentCrop_1827.jpg,16920,6,phase3_calibration_development_fold0
eurosat,eurosat/2750/PermanentCrop/PermanentCrop_2217.jpg,17354,6,phase3_calibration_development_fold0
eurosat,eurosat/2750/PermanentCrop/PermanentCrop_707.jpg,18176,6,phase3_calibration_development_fold0
eurosat,eurosat/2750/Residential/Residential_1351.jpg,18892,7,phase3_calibration_development_fold0
eurosat,eurosat/2750/Residential/Residential_256.jpg,20234,7,phase3_calibration_development_fold0
eurosat,eurosat/2750/Residential/Residential_2847.jpg,20553,7,phase3_calibration_development_fold0
eurosat,eurosat/2750/Residential/Residential_750.jpg,21224,7,phase3_calibration_development_fold0
eurosat,eurosat/2750/Residential/Residential_939.jpg,21433,7,phase3_calibration_development_fold0
eurosat,eurosat/2750/River/River_1507.jpg,22065,8,phase3_calibration_development_fold0
eurosat,eurosat/2750/River/River_1768.jpg,22354,8,phase3_calibration_development_fold0
eurosat,eurosat/2750/River/River_2243.jpg,22883,8,phase3_calibration_development_fold0
eurosat,eurosat/2750/River/River_2395.jpg,23051,8,phase3_calibration_development_fold0
eurosat,eurosat/2750/River/River_608.jpg,23566,8,phase3_calibration_development_fold0
eurosat,eurosat/2750/SeaLake/SeaLake_1217.jpg,24243,9,phase3_calibration_development_fold0
eurosat,eurosat/2750/SeaLake/SeaLake_1461.jpg,24514,9,phase3_calibration_development_fold0
eurosat,eurosat/2750/SeaLake/SeaLake_1921.jpg,25025,9,phase3_calibration_development_fold0
eurosat,eurosat/2750/SeaLake/SeaLake_303.jpg,26228,9,phase3_calibration_development_fold0
eurosat,eurosat/2750/SeaLake/SeaLake_674.jpg,26639,9,phase3_calibration_development_fold0
