candidate_id,abstention_rate,anchored_certified_accuracy@0,anchored_certified_accuracy@0.12,anchored_certified_accuracy@0.25,anchored_certified_accuracy@0.5,average_selected_class_radius,cell_count,certified_wrong_rate@0,certified_wrong_rate@0.12,certified_wrong_rate@0.25,certified_wrong_rate@0.5,clean_accuracy,example_count,primary_estimand_cell,selection_raw_agreement,smoothed_accuracy,standard_certified_accuracy@0,standard_certified_accuracy@0.12,standard_certified_accuracy@0.25,standard_certified_accuracy@0.5
chowers_exact_projected_gap__coefficient_0.25,0.14577777777777778,0.2816111111111111,0.23861111111111108,0.17877777777777779,0.032777777777777774,0.38285220991378205,12,0.5372222222222223,0.3965,0.303,0.19922222222222227,0.7215555555555556,383.3333333333333,1.0,0.3467777777777778,0.3421111111111111,0.317,0.26255555555555554,0.19627777777777777,0.042833333333333334
chowers_exact_projected_gap__coefficient_0.5,0.14577777777777778,0.2816111111111111,0.23861111111111108,0.17877777777777779,0.032777777777777774,0.38285285721303586,12,0.5372222222222223,0.3965,0.303,0.19922222222222227,0.7215555555555556,383.3333333333333,1.0,0.3467777777777778,0.3421111111111111,0.317,0.26255555555555554,0.19627777777777777,0.042833333333333334
chowers_exact_projected_gap__coefficient_1,0.14577777777777778,0.2816111111111111,0.23861111111111108,0.17877777777777779,0.032777777777777774,0.3828518638686867,12,0.5372222222222223,0.3965,0.303,0.19922222222222227,0.7215555555555556,383.3333333333333,1.0,0.3467777777777778,0.3421111111111111,0.317,0.26255555555555554,0.19627777777777777,0.042833333333333334
clean_boundary_active__step_0.0025,0.146,0.28177777777777774,0.2389444444444444,0.17894444444444446,0.03244444444444444,0.3831707079139195,12,0.5368333333333334,0.39738888888888885,0.3021111111111111,0.1985,0.7212222222222221,383.3333333333333,1.0,0.34627777777777774,0.34177777777777774,0.31716666666666665,0.2632777777777778,0.19644444444444445,0.04250000000000001
clean_boundary_active__step_0.005,0.14727777777777779,0.28177777777777774,0.23961111111111108,0.17877777777777779,0.03244444444444444,0.38335995022598796,12,0.5355555555555557,0.39772222222222225,0.3026111111111111,0.19827777777777778,0.7215555555555556,383.3333333333333,1.0,0.34627777777777785,0.34272222222222215,0.31716666666666665,0.2639444444444444,0.19627777777777777,0.04250000000000001
clean_boundary_active__step_0.01,0.14777777777777779,0.2818333333333333,0.23866666666666667,0.17822222222222225,0.03188888888888889,0.3836938937654056,12,0.5336666666666666,0.3998888888888889,0.30277777777777776,0.19894444444444445,0.7223333333333333,383.3333333333333,1.0,0.34605555555555556,0.3421666666666667,0.31855555555555554,0.26411111111111113,0.19516666666666668,0.04250000000000001
clean_boundary_active__step_0.02,0.14872222222222223,0.28211111111111115,0.24016666666666667,0.17961111111111117,0.03172222222222222,0.38424969103212914,12,0.5326111111111111,0.4008333333333333,0.3041111111111111,0.1988888888888889,0.719,383.3333333333333,1.0,0.3468333333333333,0.342,0.3186666666666667,0.2658333333333333,0.19638888888888886,0.04194444444444445
clean_boundary_active__step_0.04,0.14777777777777779,0.2832222222222222,0.23894444444444443,0.18061111111111114,0.032,0.3842791924662112,12,0.5322777777777777,0.39961111111111114,0.3073888888888889,0.1972777777777778,0.7153333333333333,383.3333333333333,1.0,0.3496111111111111,0.34349999999999997,0.3199444444444444,0.266,0.19738888888888886,0.04277777777777778
cohen_aligned_noisy_margin__step_0.0025,0.14777777777777779,0.2805,0.23766666666666666,0.17872222222222225,0.03188888888888889,0.38247183172981064,12,0.5352222222222223,0.39672222222222225,0.30072222222222217,0.19938888888888892,0.7191666666666666,383.3333333333333,1.0,0.34600000000000003,0.3424444444444444,0.317,0.26272222222222225,0.1966111111111111,0.04250000000000001
cohen_aligned_noisy_margin__step_0.005,0.14827777777777779,0.2811666666666667,0.2383333333333333,0.17872222222222225,0.03188888888888889,0.3819684179125373,12,0.5342222222222223,0.3966666666666667,0.3002222222222222,0.19827777777777778,0.7188333333333333,383.3333333333333,1.0,0.34583333333333327,0.34261111111111103,0.3175,0.2639444444444444,0.19605555555555554,0.04233333333333334
cohen_aligned_noisy_margin__step_0.01,0.14783333333333334,0.2818333333333333,0.238,0.17855555555555558,0.03188888888888889,0.3809502085813139,12,0.5334444444444445,0.39538888888888896,0.2987222222222222,0.19638888888888892,0.716111111111111,383.3333333333333,1.0,0.3463333333333333,0.3442222222222222,0.31872222222222224,0.26416666666666666,0.19533333333333333,0.04250000000000001
cohen_aligned_noisy_margin__step_0.02,0.14877777777777781,0.2842777777777778,0.23933333333333331,0.17994444444444446,0.0315,0.3786848634256094,12,0.5302222222222223,0.3974444444444445,0.29838888888888887,0.19166666666666665,0.7132777777777778,383.3333333333333,1.0,0.3495,0.3453888888888888,0.321,0.2653333333333333,0.19672222222222224,0.04211111111111112
cohen_aligned_noisy_margin__step_0.04,0.15494444444444447,0.2851666666666666,0.24244444444444443,0.18211111111111108,0.03161111111111111,0.37160193095166716,12,0.5236666666666668,0.397,0.2981111111111111,0.18361111111111114,0.7046111111111112,383.3333333333333,1.0,0.35000000000000003,0.34744444444444444,0.3213888888888889,0.2688333333333333,0.19855555555555557,0.042222222222222223
control__learned_shared_translation_pure,0.09477777777777778,0.23833333333333329,0.20205555555555557,0.1571111111111111,0.03311111111111111,0.466594692878195,12,0.6375555555555555,0.49950000000000006,0.3925555555555556,0.2561111111111111,0.607,383.3333333333333,1.0,0.3972777777777778,0.2842222222222222,0.26766666666666666,0.22116666666666665,0.17055555555555554,0.035611111111111114
control__learned_shared_translation_tangent,0.21472222222222223,0.3069444444444444,0.25427777777777777,0.1821111111111111,0.036722222222222226,0.2302912651626922,12,0.44655555555555554,0.26505555555555554,0.1661111111111111,0.08288888888888889,0.7344999999999998,383.3333333333333,1.0,0.37972222222222224,0.3746111111111112,0.3387222222222222,0.27105555555555555,0.18955555555555556,0.03977777777777778
control__lowrank_tangent_r8,0.1955555555555555,0.4965555555555556,0.4289444444444445,0.34194444444444444,0.08850000000000001,0.277242630202821,12,0.2738888888888889,0.16533333333333336,0.10033333333333333,0.03827777777777778,0.8237222222222221,383.3333333333333,1.0,0.5695555555555555,0.5673888888888889,0.5305555555555557,0.45161111111111113,0.3550555555555555,0.09527777777777778
control__noisy_class_mean,0.21005555555555555,0.2322777777777778,0.205,0.15666666666666668,0.029444444444444443,0.26013818575947584,12,0.3216666666666667,0.1996666666666667,0.12083333333333335,0.05538888888888888,0.3271111111111111,383.3333333333333,1.0,0.3023888888888889,0.5129999999999999,0.4682777777777778,0.38661111111111107,0.28583333333333333,0.08333333333333333
global_mean_centering__coefficient_0.25,0.14227777777777778,0.2873333333333333,0.24177777777777779,0.1811666666666667,0.03177777777777778,0.39661162379046466,12,0.5400555555555555,0.39972222222222226,0.31166666666666665,0.21405555555555558,0.7382222222222222,383.3333333333333,1.0,0.3513888888888889,0.33816666666666667,0.31766666666666665,0.264,0.19538888888888886,0.04111111111111111
global_mean_centering__coefficient_0.5,0.142,0.27805555555555556,0.2356111111111111,0.17433333333333334,0.03288888888888889,0.40359363953800426,12,0.5518333333333333,0.3901111111111111,0.3029444444444444,0.21638888888888888,0.7068888888888889,383.3333333333333,1.0,0.3657777777777778,0.3217777777777778,0.30616666666666664,0.254,0.18805555555555556,0.04466666666666667
global_mean_centering__coefficient_1,0.12044444444444442,0.25838888888888895,0.22072222222222224,0.16683333333333336,0.0375,0.3993696402883274,12,0.6032222222222223,0.4479444444444445,0.3291111111111111,0.20633333333333334,0.5984444444444443,383.3333333333333,1.0,0.45022222222222213,0.2923888888888888,0.2763333333333333,0.23261111111111113,0.17377777777777778,0.04038888888888889
gr_clip_style_two_sided__coefficient_1,0.18600000000000003,0.2947777777777778,0.2467222222222222,0.18050000000000002,0.029833333333333333,0.2984167746131863,12,0.4878333333333333,0.32905555555555555,0.22694444444444442,0.13349999999999998,0.7681111111111113,383.3333333333333,1.0,0.35883333333333334,0.3535,0.32616666666666666,0.26666666666666666,0.19594444444444445,0.042888888888888886
no_correction,0.14577777777777778,0.2816111111111111,0.23861111111111108,0.17877777777777779,0.032777777777777774,0.3828508058946561,12,0.5372222222222223,0.3965,0.303,0.19922222222222227,0.7215555555555556,383.3333333333333,1.0,0.3467777777777778,0.3421111111111111,0.317,0.26255555555555554,0.19627777777777777,0.042833333333333334
